,id,symbol,name,image,current_price,market_cap,market_cap_rank,fully_diluted_valuation,total_volume,high_24h,low_24h,price_change_24h,price_change_percentage_24h,market_cap_change_24h,market_cap_change_percentage_24h,circulating_supply,total_supply,max_supply,ath,ath_change_percentage,ath_date,atl,atl_change_percentage,atl_date,roi,last_updated,roi.times,roi.currency,roi.percentage
0,bitcoin,btc,Bitcoin,https://assets.coingecko.com/coins/images/1/large/bitcoin.png?1547033579,1.0,19464825,1,21000000.0,429292.0,1.0,1.0,0.0,0.0,882.0,0.00453,19464825.0,21000000.0,21000000.0,1.003301,-0.32896,2019-10-15T16:00:56.136Z,0.99895134,0.10498,2019-10-21T00:00:00.000Z,,2023-08-22T14:48:39.811Z,,,
1,ethereum,eth,Ethereum,https://assets.coingecko.com/coins/images/279/large/ethereum.png?1595348880,0.06369518,7659869,2,7659869.0,233367.0,0.06420237,0.06368663,-0.000487869548842154,-0.76012,-53157.25672986917,-0.68919,120211067.730788,120211067.730788,,0.1474984,-56.79822,2017-06-12T00:00:00.000Z,0.00160204,3877.54001,2015-10-20T00:00:00.000Z,,2023-08-22T14:48:41.598Z,84.16081059813243,btc,8416.081059813243
2,tether,usdt,Tether,https://assets.coingecko.com/coins/images/325/large/Tether.png?1668148663,3.846e-05,3185396,3,3185396.0,672249.0,3.858e-05,3.817e-05,1.68001e-07,0.4387,8694.0,0.27367,82846484080.7792,82846484080.7792,,0.0051026,-99.24647,2015-02-25T00:00:00.000Z,1.457e-05,163.83113,2021-11-10T17:47:29.153Z,,2023-08-22T14:45:00.859Z,,,
3,binancecoin,bnb,BNB,https://assets.coingecko.com/coins/images/825/large/bnb-icon2_2x.png?1644979850,0.00795916,1226172,4,1593920.0,22792.0,0.00810214,0.00794961,-9.0096398466423e-05,-1.11931,-13788.71368154441,-1.11203,153856150.0,153856150.0,200000000.0,0.01916831,-58.42218,2022-11-27T02:54:58.041Z,6.99e-06,113916.64128,2017-10-19T00:00:00.000Z,,2023-08-22T14:48:42.399Z,,,
4,ripple,xrp,XRP,https://assets.coingecko.com/coins/images/44/large/xrp-symbol-white-128.png?1605778731,1.968e-05,1040298,5,1968701.0,43606.0,2.015e-05,1.966e-05,-4.58266891888e-07,-2.27562,-25550.799689578474,-2.39722,52841868447.0,99988501123.0,100000000000.0,0.00022465,-91.23614,2017-05-17T00:00:00.000Z,4.38e-06,349.54021,2017-03-01T00:00:00.000Z,,2023-08-22T14:48:35.487Z,,,
5,usd-coin,usdc,USD Coin,https://assets.coingecko.com/coins/images/6319/large/USD_Coin_icon.png?1547042389,3.847e-05,995933,6,995449.0,147176.0,3.854e-05,3.814e-05,1.4429e-07,0.37644,422.362,0.04243,25878304788.1563,25865733081.3512,,0.00033582,-88.54001,2018-12-08T12:54:40.339Z,1.457e-05,164.05169,2021-11-10T17:58:58.999Z,,2023-08-22T14:48:37.075Z,,,
6,staked-ether,steth,Lido Staked Ether,https://assets.coingecko.com/coins/images/13442/large/steth_logo.png?1608607546,0.06379434,530129,7,530514.0,592.993,0.06418636,0.06377566,-0.000358030044940685,-0.55809,204.966,0.03868,8304697.85505221,8310729.17478524,8310729.17478524,0.08759959,-27.12671,2021-12-09T03:45:24.093Z,0.02099117,204.11218,2020-12-22T04:08:21.854Z,,2023-08-22T14:48:39.878Z,,,
7,cardano,ada,Cardano,https://assets.coingecko.com/coins/images/975/large/cardano.png?1547034860,9.87e-06,346077,8,444384.0,6612.0,1.023e-05,9.87e-06,-3.57293323059e-07,-3.49422,-12455.211505862826,-3.47395,35045020830.3234,45000000000.0,45000000000.0,7.382e-05,-86.62188,2018-01-04T00:00:00.000Z,2.95e-06,234.76246,2017-11-04T00:00:00.000Z,,2023-08-22T14:48:40.542Z,,,
8,dogecoin,doge,Dogecoin,https://assets.coingecko.com/coins/images/5/large/dogecoin.png?1547792256,2.4e-06,338141,9,338142.0,10858.0,2.42e-06,2.37e-06,-4.196777676e-09,-0.17469,289.656,0.08573,140694996383.705,140695076383.705,,1.264e-05,-80.987,2021-05-07T23:04:53.026Z,1.50936e-07,1492.46762,2020-12-17T09:18:05.654Z,,2023-08-22T14:48:40.874Z,,,
9,solana,sol,Solana,https://assets.coingecko.com/coins/images/4128/large/solana.png?1640133422,0.00080091,326995,10,445571.0,11998.0,0.00081812,0.00079816,-1.505224356994e-05,-1.84473,-5145.475404694909,-1.54919,407642925.653461,555463710.445793,,0.00460798,-82.60079,2021-09-09T02:24:33.650Z,4.553e-05,1660.90118,2020-12-27T11:19:57.793Z,,2023-08-22T14:48:45.822Z,,,
10,tron,trx,TRON,https://assets.coingecko.com/coins/images/1094/large/tron-logo.png?1547035066,2.87e-06,256796,11,256796.0,6220.0,2.89e-06,2.86e-06,3.608e-09,0.12584,469.416,0.18313,89404112167.8233,89404143711.1259,,1.367e-05,-78.99801,2018-01-04T00:00:00.000Z,1.75539e-07,1535.60204,2017-12-05T00:00:00.000Z,,2023-08-22T14:48:42.380Z,38.28855599425746,usd,3828.855599425746
11,polkadot,dot,Polkadot,https://assets.coingecko.com/coins/images/12171/large/polkadot.png?1639712644,0.00016855,213690,12,227347.0,4001.0,0.000171,0.00016846,-2.382512546826e-06,-1.39383,-2794.27103800638,-1.29075,1266569520.48431,1347518653.3839,,0.00101334,-83.3585,2021-05-19T11:02:56.921Z,0.00015822,6.58216,2023-06-21T16:50:16.947Z,,2023-08-22T14:48:37.692Z,,,
12,matic-network,matic,Polygon,https://assets.coingecko.com/coins/images/4713/large/matic-token-icon.png?1624446912,2.06e-05,192067,13,206092.0,10543.0,2.168e-05,2.052e-05,-1.048730046385e-06,-4.84438,-9599.2098959797,-4.75995,9319469069.28493,10000000000.0,10000000000.0,6.557e-05,-68.57099,2022-11-11T01:11:41.513Z,5.09178e-07,3947.54736,2019-05-10T00:00:00.000Z,,2023-08-22T14:48:38.377Z,202.6854754537855,usd,20268.54754537855
13,litecoin,ltc,Litecoin,https://assets.coingecko.com/coins/images/2/large/litecoin.png?1547033580,0.00253604,186792,14,213277.0,18670.0,0.0025663,0.00250093,-3.928799153986e-06,-0.15468,-81.7032179736998,-0.04372,73569070.7334713,84000000.0,84000000.0,0.0482909,-94.74222,2013-11-28T00:00:00.000Z,0.00172783,46.94904,2022-06-13T07:44:19.980Z,,2023-08-22T14:48:44.103Z,,,
14,the-open-network,ton,Toncoin,https://assets.coingecko.com/coins/images/17980/large/ton_symbol.png?1670498136,5.278e-05,181525,15,268794.0,957.096,5.305e-05,5.127e-05,1.25e-06,2.4271,4898.0,2.77293,3439041729.64886,5092372650.97303,,0.00016834,-68.64481,2022-12-18T14:10:00.817Z,1.015e-05,420.22692,2021-10-19T11:57:44.931Z,,2023-08-22T14:48:41.194Z,,,
15,shiba-inu,shib,Shiba Inu,https://assets.coingecko.com/coins/images/11939/large/shiba.png?1622619446,3.02103e-10,178608,16,303064.0,6504.0,3.10489e-10,3.00586e-10,-8.286786e-12,-2.6698,-4321.029481436271,-2.36213,589332665011841.2,999985145143913.0,,1.464e-09,-79.32532,2021-10-28T03:54:55.568Z,2.426e-15,12476225.46177,2020-12-27T06:56:29.823Z,,2023-08-22T14:48:45.743Z,,,
16,wrapped-bitcoin,wbtc,Wrapped Bitcoin,https://assets.coingecko.com/coins/images/7598/large/wrapped_bitcoin_wbtc.png?1548822744,1.001373,162597,17,162597.0,1838.0,1.00388,0.99995479,-0.000848253333158189,-0.08464,-86.78201355680358,-0.05334,162305.25767567,162305.25767567,162305.25767567,1.65168,-39.34676,2019-03-21T07:51:40.909Z,0.757686,32.21802,2019-04-02T00:00:00.000Z,,2023-08-22T14:48:40.029Z,,,
17,dai,dai,Dai,https://assets.coingecko.com/coins/images/9956/large/Badge_Dai.png?1687143508,3.847e-05,152156,18,152180.0,4255.0,3.862e-05,3.817e-05,1.74281e-07,0.45514,262.394,0.17275,3956027505.42246,3956650768.25073,,0.00026128,-85.27974,2020-03-13T02:04:08.019Z,1.457e-05,163.89545,2021-11-10T17:47:28.742Z,,2023-08-22T14:45:00.782Z,,,
18,bitcoin-cash,bch,Bitcoin Cash,https://assets.coingecko.com/coins/images/780/large/bitcoin-cash-circle.png?1594689492,0.00713321,139213,19,150053.0,4743.0,0.00718289,0.00707005,-3.6319634055496e-05,-0.50658,-625.9932400950638,-0.44765,19482999.8966508,21000000.0,21000000.0,0.28458493,-97.4892,2017-08-02T00:00:00.000Z,0.00366482,94.97196,2023-06-10T04:31:00.559Z,,2023-08-22T14:48:39.442Z,,,
19,leo-token,leo,LEO Token,https://assets.coingecko.com/coins/images/8418/large/leo-token.png?1558326215,0.00014644,136480,20,144657.0,12.237391,0.00014712,0.00014251,2.34e-06,1.62487,2163.0,1.61053,929541123.9,985239504.0,,0.00031851,-53.93511,2022-07-01T05:24:30.327Z,2.788e-05,426.19935,2021-02-19T15:44:41.165Z,,2023-08-22T14:48:37.297Z,,,
20,uniswap,uni,Uniswap,https://assets.coingecko.com/coins/images/12504/large/uni.jpg?1687143398,0.00017965,135676,21,179998.0,3859.0,0.00018552,0.00017988,-5.751300341224e-06,-3.102,-4062.9551671870868,-2.90753,753766667.0,1000000000.0,1000000000.0,0.00084274,-78.65329,2021-05-15T05:19:47.773Z,9.352e-05,92.35272,2020-09-17T01:20:38.214Z,,2023-08-22T14:48:39.857Z,,,
21,avalanche-2,avax,Avalanche,https://assets.coingecko.com/coins/images/12559/large/Avalanche_Circle_RedWhite_Trans.png?1670992574,0.00038873,133991,22,280387.0,4215.0,0.0004025,0.00038894,-1.3602551465846e-05,-3.38096,-4476.244824438443,-3.2327,344073247.980046,430792733.804983,720000000.0,0.00258643,-84.96402,2021-12-22T02:20:07.678Z,9.735e-05,299.48896,2020-12-31T21:37:36.652Z,,2023-08-22T14:48:40.276Z,,,
22,chainlink,link,Chainlink,https://assets.coingecko.com/coins/images/877/large/chainlink-new-logo.png?1547034700,0.0002362,127340,23,236647.0,6703.0,0.00023934,0.00023443,-1.267435065922e-06,-0.53372,-399.32795090989384,-0.31261,538099971.2305644,1000000000.0,1000000000.0,0.00167225,-85.84794,2020-08-16T08:03:52.426Z,1.335e-05,1672.71222,2017-12-12T00:00:00.000Z,,2023-08-22T14:48:43.155Z,,,
23,stellar,xlm,Stellar,https://assets.coingecko.com/coins/images/100/large/Stellar_symbol_black_RGB.png?1552356157,4.62e-06,126697,24,231287.0,2960.0,4.8e-06,4.63e-06,-1.80062025083e-07,-3.75214,-4813.395778213468,-3.66008,27390634510.5579,50001787237.4735,50001787237.4735,5.698e-05,-91.87836,2018-01-26T00:00:00.000Z,1.36e-06,239.42489,2017-03-05T00:00:00.000Z,,2023-08-22T14:48:36.477Z,,,
24,binance-usd,busd,Binance USD,https://assets.coingecko.com/coins/images/9576/large/BUSD.png?1568947766,3.847e-05,123666,25,123666.0,81622.0,3.856e-05,3.818e-05,1.31043e-07,0.3418,241.969,0.19605,3215132707.97,3215132707.97,,0.00026347,-85.40466,2020-03-13T02:24:14.132Z,1.457e-05,163.85147,2021-11-10T17:45:45.602Z,,2023-08-22T14:48:39.712Z,,,
25,true-usd,tusd,TrueUSD,https://assets.coingecko.com/coins/images/3449/large/tusd.png?1618395665,3.845e-05,105913,26,105913.0,9977.0,3.857e-05,3.817e-05,1.49179e-07,0.3895,12.132296,0.01146,2754461423.8,2754461423.8,,0.0003183,-87.91985,2018-12-15T15:59:59.065Z,1.457e-05,163.88954,2021-11-10T17:50:59.897Z,,2023-08-22T14:48:35.912Z,,,
26,monero,xmr,Monero,https://assets.coingecko.com/coins/images/69/large/monero_logo.png?1547033729,0.00568175,103268,27,,2631.0,0.00574289,0.00559553,6.056e-05,1.07736,1033.0,1.01056,18147820.3764146,,,0.03475393,-83.62813,2018-01-09T00:00:00.000Z,0.00101492,460.62241,2014-12-18T00:00:00.000Z,,2023-08-22T14:48:45.354Z,,,
27,okb,okb,OKB,https://assets.coingecko.com/coins/images/4463/large/WeChat_Image_20220118095654.png?1642471050,0.00164736,98902,28,494510.0,63.643,0.00166314,0.00164735,-5.017708521828e-06,-0.30367,-263.9466921976127,-0.26617,60000000.0,235957685.3,300000000.0,0.00238095,-30.76862,2023-02-18T01:26:33.647Z,0.00013427,1127.64766,2021-02-09T00:52:03.542Z,,2023-08-22T14:48:36.818Z,,,
28,ethereum-classic,etc,Ethereum Classic,https://assets.coingecko.com/coins/images/453/large/ethereum-classic-logo.png?1547034169,0.00059319,84640,29,125027.0,2919.0,0.00060927,0.00059263,-8.16696504379e-06,-1.35809,-1057.5479020295024,-1.23404,142638692.11599,210700000.0,210700000.0,0.00894331,-93.36622,2017-06-17T00:00:00.000Z,0.00016454,260.57327,2021-01-08T18:21:57.068Z,,2023-08-22T14:48:42.629Z,33.27955968658491,usd,3327.955968658491
29,cosmos,atom,Cosmos Hub,https://assets.coingecko.com/coins/images/1481/large/cosmos_hub.png?1555657960,0.00028233,82725,30,,3593.0,0.00029129,0.00028257,-8.540519177967e-06,-2.9362,-2451.1135137089877,-2.87769,292586163.827428,,,0.00165424,-82.90991,2019-03-15T00:00:00.000Z,0.0001429,97.84327,2021-01-08T16:59:22.387Z,,2023-08-22T14:48:36.294Z,72.41951157347117,usd,7241.951157347117
30,hedera-hashgraph,hbar,Hedera,https://assets.coingecko.com/coins/images/3688/large/hbar.png?1637045634,2.32e-06,76878,31,116539.0,2954.0,2.44e-06,2.33e-06,-1.14534463474e-07,-4.70064,-3854.306672385428,-4.7742,32983824902.3696,50000000000.0,50000000000.0,3.199e-05,-92.71406,2019-09-17T09:03:31.347Z,9.26031e-07,151.69486,2021-01-03T07:55:19.551Z,,2023-08-22T14:48:41.012Z,,,
31,internet-computer,icp,Internet Computer,https://assets.coingecko.com/coins/images/14495/large/Internet_Computer_logo.png?1620703073,0.00013274,58747,32,62409.0,657.59,0.00013522,0.00013268,-2.392028288177e-06,-1.77016,-953.347739059107,-1.59688,441680036.383931,503978144.254006,469213710.0,0.01208251,-98.90032,2021-05-10T16:05:53.653Z,0.00012522,6.11153,2023-08-16T21:15:14.135Z,,2023-08-22T14:48:44.158Z,,,
32,filecoin,fil,Filecoin,https://assets.coingecko.com/coins/images/12817/large/filecoin.png?1602753933,0.0001302,57733,33,255641.0,3090.0,0.00013319,0.00012989,-2.91474095981e-06,-2.18968,-1217.1774788129333,-2.06475,442974363.0,1961479040.0,1961479040.0,0.01848777,-99.29574,2020-10-15T09:43:23.730Z,0.00011417,14.04416,2023-06-10T04:31:48.478Z,,2023-08-22T14:48:44.640Z,,,
33,quant-network,qnt,Quant,https://assets.coingecko.com/coins/images/3370/large/5ZOu7brX_400x400.jpg?1612437252,0.00383965,55826,34,56088.0,415.229,0.00385793,0.00378592,1.256e-05,0.32815,109.481,0.1965,14544176.164091088,14612493.0,14612493.0,0.01166603,-67.10358,2022-10-17T06:59:34.862Z,3.281e-05,11598.34166,2018-08-25T00:00:00.000Z,,2023-08-22T14:48:38.344Z,24.91999745429655,eth,2491.999745429655
34,lido-dao,ldo,Lido DAO,https://assets.coingecko.com/coins/images/13573/large/Lido_DAO.png?1609873644,6.235e-05,54828,35,62362.0,1628.0,6.331e-05,6.151e-05,-9.51497071868e-07,-1.5032,-769.8152295669934,-1.3846,879191244.889292,1000000000.0,1000000000.0,0.0001559,-60.01112,2021-08-20T08:35:20.158Z,9.21e-06,576.92014,2021-03-27T09:10:29.155Z,,2023-08-22T14:48:40.035Z,,,
35,mantle,mnt,Mantle,https://assets.coingecko.com/coins/images/30980/large/token-logo.png?1689320029,1.627e-05,52673,36,101286.0,218.54,1.636e-05,1.619e-05,-1.1741755576e-08,-0.07212,-33.8886952625835,-0.0643,3234287324.76314,6219316794.99,6219316794.99,2.019e-05,-19.38689,2023-07-20T19:52:51.943Z,1.512e-05,7.63645,2023-08-08T23:34:42.573Z,,2023-08-22T14:48:34.478Z,,,
36,crypto-com-chain,cro,Cronos,https://assets.coingecko.com/coins/images/7310/large/cro_token_logo.png?1669699773,2e-06,52516,37,60070.0,159.563,2.01e-06,1.98e-06,6.114e-09,0.30618,52.159,0.09942,26227442406.0773,30000000000.0,,3.155e-05,-93.65233,2019-03-15T13:19:44.119Z,1.49e-06,34.28674,2021-02-09T15:47:20.811Z,,2023-08-22T14:48:42.279Z,,,
37,aptos,apt,Aptos,https://assets.coingecko.com/coins/images/26455/large/aptos_round.png?1666839629,0.00022372,50799,38,235632.0,2536.0,0.00022926,0.00022406,-4.111218174865e-06,-1.80453,-714.2411360781844,-1.38652,226624294.90269,1051203777.37392,,0.00085901,-73.91728,2023-01-26T14:25:17.390Z,0.00018535,20.87901,2022-12-29T21:35:14.796Z,,2023-08-22T14:48:39.406Z,,,
38,arbitrum,arb,Arbitrum,https://assets.coingecko.com/coins/images/16547/large/photo_2023-03-29_21.47.00.jpeg?1680097630,3.771e-05,48167,39,377781.0,5140.0,3.875e-05,3.774e-05,-9.8928574826e-07,-2.55603,-1017.2639852411958,-2.06827,1275000000.0,10000000000.0,10000000000.0,0.00031331,-87.95659,2023-03-23T13:10:03.106Z,3.501e-05,7.78285,2023-06-24T16:05:26.116Z,,2023-08-22T14:48:45.638Z,,,
39,vechain,vet,VeChain,https://assets.coingecko.com/coins/images/1167/large/VET_Token_Icon.png?1680067517,6.0812e-07,44212,40,52723.0,998.36,6.17908e-07,6.07443e-07,-7.293393694e-09,-1.18512,-586.958822576802,-1.31021,72714516834.0,85985041177.0,86712634466.0,4.95e-06,-87.70527,2021-04-19T01:08:21.675Z,3.54562e-07,71.5,2019-09-15T00:00:00.000Z,,2023-08-22T14:48:44.488Z,2.3414269391053435,eth,234.14269391053435
40,optimism,op,Optimism,https://assets.coingecko.com/coins/images/25244/large/Optimism.png?1660904599,5.966e-05,42678,41,255755.0,4348.0,6.051e-05,5.818e-05,7.17886e-07,1.21791,499.538,1.18433,716708907.0,4294967296.0,4294967296.0,0.00013894,-57.07923,2023-02-24T20:20:00.509Z,2.06e-05,189.55842,2022-06-13T07:44:22.126Z,,2023-08-22T14:48:45.758Z,,,
41,near,near,NEAR Protocol,https://assets.coingecko.com/coins/images/10365/large/near.jpg?1683515160,4.335e-05,40853,42,43384.0,1865.0,4.403e-05,4.295e-05,-6.37802682498e-07,-1.44992,-588.04356778488,-1.41898,941671517.686093,1000000000.0,,0.00047394,-90.85382,2022-01-16T22:09:45.873Z,3.543e-05,22.34287,2021-01-08T12:23:39.155Z,,2023-08-22T14:48:40.904Z,,,
42,maker,mkr,Maker,https://assets.coingecko.com/coins/images/1364/large/Mark_Maker.png?1585191826,0.04233941,38211,43,42632.0,2694.0,0.04282459,0.04092782,0.00031196,0.74227,304.279,0.8027,901310.9472893132,977631.036950888,1005577.0,0.18535638,-77.12227,2019-02-24T08:33:35.124Z,0.01828974,131.85303,2021-01-02T19:03:34.065Z,,2023-08-22T14:48:38.705Z,,,
43,rocket-pool-eth,reth,Rocket Pool ETH,https://assets.coingecko.com/coins/images/20764/large/reth.png?1637652366,0.06953007,34971,44,34971.0,326.463,0.06991899,0.06954006,-0.000366322009465195,-0.52409,-137.2236875766539,-0.39086,502281.643795793,502278.853974194,,0.2328,-70.09537,2022-11-01T06:11:24.493Z,0.03710894,87.60433,2022-06-13T03:58:23.949Z,,2023-08-22T14:48:39.705Z,,,
44,kaspa,kas,Kaspa,https://assets.coingecko.com/coins/images/25751/large/kaspa-icon-exchanges.png?1653891958,1.63e-06,32775,45,46394.0,428.508,1.66e-06,1.59e-06,1.6579e-08,1.02704,-68.8633809603416,-0.20967,20278156622.4798,20278277425.6588,28704026601.0,1.78e-06,-9.23261,2023-08-06T12:10:40.416Z,5.696e-09,28278.02667,2022-06-01T06:54:10.263Z,,2023-08-22T14:48:39.033Z,,,
45,the-graph,grt,The Graph,https://assets.coingecko.com/coins/images/13397/large/Graph_Token.png?1608145566,3.47e-06,31839,46,34761.0,1092.0,3.55e-06,3.47e-06,-6.7057318613e-08,-1.89335,-608.53873956397,-1.87548,9159344753.47202,10000000000.0,,6.04e-05,-94.24667,2021-02-12T07:28:45.775Z,3.25e-06,7.06249,2023-08-17T22:55:30.620Z,,2023-08-22T14:48:37.571Z,,,
46,frax,frax,Frax,https://assets.coingecko.com/coins/images/13422/large/FRAX_icon.png?1679886922,3.832e-05,30937,47,30937.0,146.444,3.854e-05,3.813e-05,4.9782e-08,0.13008,39.680014,0.12842,806723780.559441,806723780.559441,,6.44e-05,-40.45494,2022-11-21T21:55:45.085Z,1.455e-05,163.50066,2021-11-10T14:26:00.840Z,,2023-08-22T14:48:39.572Z,,,
47,aave,aave,Aave,https://assets.coingecko.com/coins/images/12645/large/AAVE.png?1601374110,0.00209583,30538,48,33646.0,2452.0,0.00217126,0.00209956,-7.5308890794696e-05,-3.46864,-1018.5315028002187,-3.22762,14522317.994043648,16000000.0,16000000.0,0.01560415,-86.54951,2021-05-19T07:49:37.761Z,0.00175077,19.88096,2020-11-05T13:30:38.074Z,,2023-08-22T14:48:41.829Z,,,
48,whitebit,wbt,WhiteBIT Coin,https://assets.coingecko.com/coins/images/27045/large/wbt_token.png?1667923752,0.00020612,29759,49,82596.0,259.411,0.00020749,0.00020209,3.93e-06,1.94606,599.096,2.05452,144118517.10815412,368493247.0,400000000.0,0.0007269,-71.64017,2022-10-28T12:32:18.119Z,0.00013661,50.90234,2023-02-02T01:02:51.363Z,,2023-08-22T14:48:45.952Z,,,
49,xdce-crowd-sale,xdc,XDC Network,https://assets.coingecko.com/coins/images/2912/large/xdc-icon.png?1633700890,2.09e-06,29067,50,79407.0,471.08,2.19e-06,2.08e-06,-8.1884655298e-08,-3.76796,-1051.0423377896404,-3.48974,13857943592.55,37857944391.75,,3.96e-06,-47.01643,2021-08-21T04:29:08.302Z,3.4687e-08,5947.4819,2019-07-11T00:00:00.000Z,,2023-08-22T14:48:36.833Z,3.3658933620528364,eth,336.58933620528364
50,algorand,algo,Algorand,https://assets.coingecko.com/coins/images/4380/large/download.png?1547039725,3.67e-06,28782,51,36773.0,971.313,3.73e-06,3.63e-06,2.1962e-08,0.60145,239.988,0.84081,7827173807.94357,7827173797.29057,10000000000.0,0.0003803,-99.03306,2019-06-20T14:51:19.480Z,3.32e-06,10.60592,2023-08-17T21:45:29.191Z,,2023-08-22T14:48:44.070Z,-0.9601968853431738,usd,-96.01968853431738
51,usdd,usdd,USDD,https://assets.coingecko.com/coins/images/25380/large/UUSD.jpg?1651823371,3.834e-05,27829,52,,1032.0,3.844e-05,3.808e-05,1.31766e-07,0.34483,52.982,0.19074,725332034.742248,,,6.368e-05,-39.76005,2022-11-21T22:15:24.793Z,2.505e-05,53.12906,2022-05-04T20:38:59.491Z,,2023-08-22T14:48:42.184Z,,,
52,elrond-erd-2,egld,MultiversX,https://assets.coingecko.com/coins/images/12335/large/egld-token-logo.png?1673490885,0.00101038,26144,53,31757.0,458.893,0.00103774,0.00100794,-2.6697842012817e-05,-2.57434,-700.2133667863491,-2.60844,25863005.0,25868157.0,31415926.0,0.00958979,-89.46562,2021-11-23T08:59:12.407Z,0.00040416,149.9573,2020-11-18T12:30:07.583Z,,2023-08-22T14:48:45.845Z,,,
53,havven,snx,Synthetix Network,https://assets.coingecko.com/coins/images/3406/large/SNX.png?1598631139,7.931e-05,25589,54,25646.0,729.787,8.151e-05,7.911e-05,-2.11313150053e-06,-2.5954,-634.99896417329,-2.42146,322131898.13952357,322855806.088774,322855806.088774,0.00066317,-88.02076,2020-09-01T02:59:50.294Z,9e-06,783.13966,2019-01-07T00:00:00.000Z,,2023-08-22T14:48:38.413Z,3.124657243968592,usd,312.4657243968592
54,the-sandbox,sand,The Sandbox,https://assets.coingecko.com/coins/images/12129/large/sandbox_logo.jpg?1597397942,1.232e-05,25394,55,37019.0,1562.0,1.255e-05,1.229e-05,-2.23822489013e-07,-1.78476,-424.529607199529,-1.64425,2057931926.2233226,3000000000.0,3000000000.0,0.00014697,-91.60587,2021-11-25T06:04:40.957Z,1.03e-06,1099.02246,2021-01-14T22:01:08.387Z,,2023-08-22T14:48:38.157Z,,,
55,immutable-x,imx,ImmutableX,https://assets.coingecko.com/coins/images/17233/large/immutableX-symbol-BLK-RGB.png?1665110648,2.23e-05,25101,56,44688.0,516.589,2.325e-05,2.232e-05,-9.2950714343e-07,-4.00196,-1032.5478167654474,-3.951,1123390886.9500241,2000000000.0,2000000000.0,0.0001612,-86.13558,2021-11-25T12:13:33.672Z,2.118e-05,5.49789,2023-08-17T21:46:25.186Z,,2023-08-22T14:48:37.240Z,,,
56,blockstack,stx,Stacks,https://assets.coingecko.com/coins/images/2069/large/Stacks_logo_full.png?1604112510,1.781e-05,24967,57,32426.0,264.919,1.832e-05,1.782e-05,-4.99510500263e-07,-2.72841,-655.8230440296902,-2.55951,1399834198.46293,1818000000.0,1818000000.0,6.061e-05,-70.5734,2022-01-18T17:04:02.966Z,9.55e-06,86.68313,2020-01-30T20:58:57.572Z,,2023-08-22T14:48:44.095Z,2.85918619289735,usd,285.918619289735
57,tezos,xtz,Tezos,https://assets.coingecko.com/coins/images/976/large/Tezos-logo.png?1547034862,2.626e-05,24758,58,,782.656,2.697e-05,2.628e-05,-1.17506874945e-07,-0.44548,-89.40982821641592,-0.35984,941527595.3412,,,0.00044543,-94.09143,2018-07-03T00:00:00.000Z,2.432e-05,8.20793,2023-08-17T21:45:22.377Z,,2023-08-22T14:48:44.194Z,0.4529468264105138,usd,45.29468264105138
58,eos,eos,EOS,https://assets.coingecko.com/coins/images/738/large/eos-eos-logo.png?1547034481,2.196e-05,24566,59,,3526.0,2.235e-05,2.197e-05,-3.30189906328e-07,-1.48112,-370.1288546218675,-1.4843,1117544042.7999,,,0.00242542,-99.09356,2018-04-29T07:50:33.540Z,2.064e-05,6.53297,2023-08-17T21:46:30.918Z,,2023-08-22T14:48:40.523Z,-0.4230818907506712,usd,-42.30818907506712
59,axie-infinity,axs,Axie Infinity,https://assets.coingecko.com/coins/images/13029/large/axie_infinity_logo.png?1604471082,0.00018676,24507,60,50499.0,591.873,0.00018935,0.00018512,-1.280812690988e-06,-0.68114,-159.05215751975993,-0.64482,131031753.30627233,270000000.0,270000000.0,0.00326831,-94.28236,2021-10-04T11:05:28.225Z,7.88e-06,2272.03633,2020-11-06T08:05:43.662Z,,2023-08-22T14:48:44.176Z,,,
60,theta-token,theta,Theta Network,https://assets.coingecko.com/coins/images/2538/large/theta-token-logo.png?1548387191,2.359e-05,23604,61,23604.0,239.474,2.395e-05,2.33e-05,2.078e-08,0.08817,33.469865,0.142,1000000000.0,1000000000.0,1000000000.0,0.00027855,-91.52437,2021-06-09T11:23:19.561Z,9.4e-06,151.19044,2019-07-16T00:00:00.000Z,,2023-08-22T14:48:42.101Z,3.0895619248099995,usd,308.95619248099996
61,injective-protocol,inj,Injective,https://assets.coingecko.com/coins/images/12882/large/Secondary_Symbol.png?1628233237,0.00027668,23173,62,27667.0,963.229,0.00028851,0.00027554,-1.1359184990854e-05,-3.9436,-971.619474691579,-4.02425,83755555.66,100000000.0,100000000.0,0.00046476,-40.45547,2021-04-30T00:33:02.969Z,4.354e-05,535.54052,2020-11-06T08:31:01.270Z,,2023-08-22T14:48:37.277Z,,,
62,bitget-token,bgb,Bitget Token,https://assets.coingecko.com/coins/images/11610/large/icon_colour.png?1690515455,1.624e-05,22755,63,32507.0,520.63,1.638e-05,1.61e-05,-4.5785348467e-08,-0.28111,-70.80518974324514,-0.3102,1400001000.0,2000000000.0,2000000000.0,2.124e-05,-23.48486,2023-02-15T14:15:05.913Z,1.56e-06,940.12878,2020-06-25T04:17:05.895Z,,2023-08-22T14:48:43.797Z,,,
63,bitcoin-cash-sv,bsv,Bitcoin SV,https://assets.coingecko.com/coins/images/6799/large/BSV.png?1558947902,0.00115861,22325,64,24334.0,562.869,0.00120006,0.00115816,-3.3814501264543e-05,-2.83578,-644.2567999428975,-2.80487,19266076.644239,21000000.0,21000000.0,0.04960766,-97.66529,2020-01-14T23:34:56.231Z,0.00082178,40.93799,2023-06-10T04:32:12.266Z,,2023-08-22T14:48:41.656Z,,,
64,radix,xrd,Radix,https://assets.coingecko.com/coins/images/4374/large/Radix.png?1629701658,2.1e-06,21521,65,50446.0,47.969567,2.11e-06,2.05e-06,2.0882e-08,1.00324,190.356,0.89242,10238596902.1598,12638596902.2598,24000000000.0,1.013e-05,-79.24224,2021-11-14T16:09:27.130Z,1.41e-06,49.02725,2023-03-17T23:15:58.943Z,,2023-08-22T14:48:39.159Z,,,
65,flex-coin,flex,FLEX Coin,https://assets.coingecko.com/coins/images/9108/large/coinflex_logo.png?1628750583,0.00021667,21494,66,21509.0,1.171015,0.00023341,0.0002134,-1.5905669968503e-05,-6.83886,-1442.88278202105,-6.29073,98664938.6988896,98735764.894,98735764.894,0.00042339,-48.54708,2023-08-07T01:49:53.752Z,4.2173e-08,516451.57553,2020-08-04T08:22:26.260Z,,2023-08-22T14:48:31.372Z,,,
66,fantom,ftm,Fantom,https://assets.coingecko.com/coins/images/4001/large/Fantom_round.png?1669652346,7.66e-06,21444,67,24295.0,2331.0,7.94e-06,7.61e-06,-2.81737585388e-07,-3.54866,-805.2690476551616,-3.61923,2802418156.256,3175000000.0,3175000000.0,7.792e-05,-90.17938,2022-01-17T00:34:22.938Z,3.93034e-07,1846.93388,2020-05-08T14:49:58.253Z,,2023-08-22T14:48:44.260Z,5.637772510287963,usd,563.7772510287963
67,apecoin,ape,ApeCoin,https://assets.coingecko.com/coins/images/24383/large/apecoin.jpg?1647476455,5.714e-05,21237,68,57616.0,2204.0,5.974e-05,5.715e-05,-2.355689086317e-06,-3.95928,-722.0119125868841,-3.288,368593750.0,1000000000.0,1000000000.0,0.00066985,-91.48007,2022-04-28T21:44:21.164Z,5.399e-05,5.71504,2023-08-17T21:45:24.136Z,,2023-08-22T14:48:38.135Z,,,
68,decentraland,mana,Decentraland,https://assets.coingecko.com/coins/images/878/large/decentraland-mana.png?1550108745,1.151e-05,21224,69,25270.0,1814.0,1.172e-05,1.14e-05,-9.8930296688e-08,-0.85224,-175.6632301869504,-0.82085,1842076199.81432,2193179327.32015,2193179327.32015,0.0001016,-88.6589,2021-11-25T09:50:00.088Z,1.38e-06,736.53692,2017-11-02T00:00:00.000Z,,2023-08-22T14:48:45.560Z,13.96497639640905,usd,1396.497639640905
69,gatechain-token,gt,Gate,https://assets.coingecko.com/coins/images/8183/large/gate.png?1687143308,0.00014923,20507,70,44785.0,8.109356,0.00015089,0.00014866,-1.32479691957e-07,-0.0887,-54.74753139946915,-0.26626,137367573.56752193,300000000.0,,0.00024912,-40.12378,2022-11-09T22:00:06.987Z,1.161e-05,1185.03641,2021-01-08T15:14:11.379Z,,2023-08-22T14:48:43.188Z,,,
70,render-token,rndr,Render,https://assets.coingecko.com/coins/images/11636/large/rndr.png?1638840934,5.292e-05,19696,71,28123.0,539.187,5.407e-05,5.184e-05,1.82626e-07,0.34631,116.581,0.59542,371908453.108796,531024271.388796,531024271.388796,0.00014855,-64.34319,2021-11-21T10:03:19.097Z,2.26e-06,2239.86006,2021-01-08T06:20:12.010Z,,2023-08-22T14:48:45.770Z,,,
71,paxos-standard,usdp,Pax Dollar,https://assets.coingecko.com/coins/images/6013/large/Pax_Dollar.png?1629877204,3.852e-05,19555,72,19555.0,68.834,3.868e-05,3.82e-05,2.14695e-07,0.56053,146.661,0.75564,507700446.010683,507700446.010683,,0.00031812,-87.892,2018-12-15T16:00:09.239Z,1.456e-05,164.60917,2021-11-10T16:45:58.991Z,,2023-08-22T14:48:36.057Z,0.00162973808815,usd,0.162973808815
72,thorchain,rune,THORChain,https://assets.coingecko.com/coins/images/6595/large/Rune200x200.png?1671179394,6.273e-05,18901,73,31429.0,5728.0,6.821e-05,6.224e-05,-7.70097195957e-07,-1.21273,-143.55197873290308,-0.75375,300700561.0,500000000.0,500000000.0,0.00048691,-87.09043,2021-05-19T00:59:16.485Z,1.04e-06,5942.48254,2019-09-28T00:00:00.000Z,,2023-08-22T14:48:45.545Z,41.92942751523697,usd,4192.942751523698
73,neo,neo,NEO,https://assets.coingecko.com/coins/images/480/large/NEO_512_512.png?1594357361,0.00026665,18827,74,26694.0,578.188,0.00027371,0.00026631,-6.718255671705e-06,-2.45755,-470.19366967795213,-2.43659,70530000.0,100000000.0,,0.0148149,-98.19826,2018-01-29T00:00:00.000Z,9.457e-05,182.26655,2017-03-02T00:00:00.000Z,,2023-08-22T14:48:40.241Z,191.61946405723702,usd,19161.946405723702
74,gala,gala,GALA,https://assets.coingecko.com/coins/images/12493/large/GALA-COINGECKO.png?1600233435,7.3499e-07,18766,75,36742.0,16597.0,7.56069e-07,7.31398e-07,-2.1054005039e-08,-2.78476,-489.95069384113594,-2.54447,25536819049.0299,25536855756.0299,50000000000.0,1.446e-05,-94.9178,2021-11-26T15:08:53.159Z,5e-09,14596.0031,2020-12-28T08:46:48.367Z,,2023-08-22T14:48:43.170Z,,,
75,kava,kava,Kava,https://assets.coingecko.com/coins/images/9761/large/kava.png?1663638871,2.64e-05,18694,76,18694.0,310.301,2.712e-05,2.614e-05,-5.11339876843e-07,-1.89996,-456.2864038643711,-2.38268,711674256.0,711693208.0,,0.00046388,-94.32929,2020-08-17T08:48:52.897Z,2.409e-05,9.18651,2023-08-17T21:46:24.983Z,,2023-08-22T14:48:37.143Z,,,
76,rollbit-coin,rlb,Rollbit Coin,https://assets.coingecko.com/coins/images/24552/large/unziL6wO_400x400.jpg?1648134494,5.67e-06,18666,77,28308.0,271.998,6.31e-06,5.66e-06,-4.9464372481e-07,-8.0183,-1637.8237893939076,-8.06669,3296951621.59,3296951622.0,5000000000.0,7.24e-06,-21.6106,2023-08-12T14:31:00.633Z,4.4093e-08,12779.58207,2022-07-09T16:57:03.748Z,,2023-08-22T14:48:44.189Z,,,
77,rocket-pool,rpl,Rocket Pool,https://assets.coingecko.com/coins/images/2090/large/rocket_pool_%28RPL%29.png?1637662441,0.00092677,18215,78,18215.0,104.568,0.0009604,0.0009271,-2.5183770625599e-05,-2.64548,-471.30928144232894,-2.52217,19620795.3927166,19620795.3927166,,0.0025156,-63.11815,2023-02-10T01:30:33.126Z,1.28e-06,72194.73218,2018-08-28T00:00:00.000Z,,2023-08-22T14:48:45.550Z,,,
78,kucoin-shares,kcs,KuCoin,https://assets.coingecko.com/coins/images/1047/large/sa9z79.png?1610678720,0.00018712,18065,79,26936.0,22.828456,0.00018778,0.00018555,1.45e-06,0.78302,68.141,0.37862,96732986.425851,144232986.425767,,0.00132217,-85.87637,2018-01-11T00:00:00.000Z,1.926e-05,869.73681,2021-01-03T07:52:52.153Z,,2023-08-22T14:48:37.476Z,,,
79,pax-gold,paxg,PAX Gold,https://assets.coingecko.com/coins/images/9519/large/paxgold.png?1687143101,0.07244473,18064,80,18064.0,264.364,0.07275137,0.07170229,0.00067696,0.94327,158.254,0.88381,249149.609,249149.609,,0.37575554,-80.70347,2020-03-13T02:29:31.091Z,0.02673099,171.24987,2021-11-09T04:25:02.283Z,,2023-08-22T14:48:43.033Z,,,
80,compound-ether,ceth,cETH,https://assets.coingecko.com/coins/images/10643/large/ceth.png?1687143191,0.00128011,18028,81,18028.0,0.19066134,0.00128907,0.00127938,-8.963274234215e-06,-0.69533,-77.04693643603605,-0.42556,14083186.6242811,14083186.6242811,,0.00177069,-27.70576,2021-12-09T06:48:12.160Z,0.00040504,216.04785,2020-03-26T17:19:18.104Z,,2023-08-22T14:07:01.973Z,,,
81,tether-gold,xaut,Tether Gold,https://assets.coingecko.com/coins/images/10481/large/Tether_Gold.png?1668148656,0.07282394,17976,82,17976.0,186.325,0.07403061,0.07227825,0.00051082,0.70639,127.049,0.71179,246524.33,246524.33,,0.38149348,-80.88444,2020-03-13T02:34:35.697Z,0.02668349,173.29483,2021-10-20T15:01:52.128Z,,2023-08-22T14:48:43.842Z,,,
82,flow,flow,Flow,https://assets.coingecko.com/coins/images/13446/large/5f6294c0c7a8cda55cb1c936_Flow_Wordmark.png?1631696776,1.733e-05,17935,83,25108.0,690.934,1.772e-05,1.728e-05,-1.99953069191e-07,-1.14076,-249.25933149180128,-1.37075,1036200000.0,1450656993.87114,1450656993.87114,0.00082648,-97.90571,2021-03-04T14:24:31.734Z,1.641e-05,5.44852,2023-06-20T16:22:02.649Z,,2023-08-22T14:48:40.102Z,,,
83,ecash,xec,eCash,https://assets.coingecko.com/coins/images/16646/large/Logo_final-22.png?1628239446,9.07635e-10,17689,84,19072.0,124.14,9.2471e-10,9.05711e-10,-5.853945e-12,-0.64083,-143.2835270575997,-0.80351,19477154673093.0,21000000000000.0,21000000000000.0,7.63e-09,-88.08822,2021-09-04T17:09:31.137Z,5.49673e-10,65.35084,2021-07-30T01:41:06.714Z,,2023-08-22T14:48:43.526Z,,,
84,pepe,pepe,Pepe,https://assets.coingecko.com/coins/images/29850/large/pepe-token.jpeg?1682922725,4.052e-11,17132,85,17132.0,1761.0,4.2141e-11,4.0582e-11,-1.60404e-12,-3.80788,-527.965356298515,-2.98965,420690000000000.0,420690000000000.0,420690000000000.0,1.45883e-10,-72.1812,2023-05-05T16:50:45.302Z,1.875e-12,2064.02206,2023-04-18T02:14:41.591Z,,2023-08-22T14:48:39.122Z,,,
85,klay-token,klay,Klaytn,https://assets.coingecko.com/coins/images/9672/large/klaytn.png?1660288824,5.31e-06,16977,86,,168.919,5.38e-06,5.29e-06,-5.172573582e-08,-0.964,-214.44321992730693,-1.24739,3193394054.0609,,,7.741e-05,-93.13545,2020-09-04T00:13:55.189Z,5.01e-06,6.02444,2023-08-17T21:46:23.279Z,,2023-08-22T14:48:42.447Z,,,
86,chiliz,chz,Chiliz,https://assets.coingecko.com/coins/images/8834/large/CHZ_Token_updated.png?1675848257,2.42e-06,16892,87,21525.0,1058.0,2.48e-06,2.42e-06,-4.4667363771e-08,-1.81312,-284.5668816094294,-1.65669,6975647158.46,8888888888.0,8888888888.0,1.638e-05,-85.21561,2022-11-19T03:41:07.812Z,4.67615e-07,417.74174,2021-01-08T14:11:51.035Z,,2023-08-22T14:48:39.998Z,1.8592427401946496,usd,185.92427401946495
87,frax-share,fxs,Frax Share,https://assets.coingecko.com/coins/images/13423/large/Frax_Shares_icon.png?1679886947,0.00022869,16705,88,22773.0,464.728,0.0002355,0.00022861,-6.801644284006e-06,-2.88824,-524.1080868639801,-3.04199,73119506.0665834,99681495.5911336,99681495.5911336,0.00112539,-79.70209,2020-12-21T01:54:47.142Z,4.524e-05,404.93331,2021-06-25T07:18:40.296Z,,2023-08-22T14:48:36.860Z,,,
88,frax-ether,frxeth,Frax Ether,https://assets.coingecko.com/coins/images/28284/large/frxETH_icon.png?1679886981,0.06356175,16109,89,16109.0,48.481476,0.06406417,0.06357348,-0.000487484631383178,-0.76111,-102.37550270119937,-0.6315,253209.160563194,253209.160563194,,0.0777,-18.12149,2023-01-12T01:00:30.967Z,0.0604818,5.188,2023-06-29T17:24:01.927Z,,2023-08-22T14:48:22.342Z,,,
89,iota,miota,IOTA,https://assets.coingecko.com/coins/images/692/large/IOTA_Swirl.png?1604238557,5.45e-06,15159,90,15159.0,215.732,5.58e-06,5.43e-06,-7.8449866736e-08,-1.41832,-216.06110875665217,-1.40529,2779530283.277761,2779530283.0,,0.0003327,-98.36095,2017-12-05T00:00:00.000Z,5.25e-06,3.82565,2023-08-17T21:46:30.252Z,,2023-08-22T14:48:41.211Z,3.0691890922285836,btc,306.91890922285836
90,casper-network,cspr,Casper Network,https://assets.coingecko.com/coins/images/15279/large/casper.PNG?1620341020,1.34e-06,15148,91,16075.0,94.044,1.36e-06,1.34e-06,-1.1299384492e-08,-0.83426,-103.48699796242545,-0.67855,11264425015.0,11954307847.0,,2.337e-05,-94.24327,2021-05-12T00:00:00.000Z,9.70508e-07,38.60332,2022-06-12T05:19:45.813Z,,2023-08-22T14:48:42.052Z,,,
91,bittorrent,btt,BitTorrent,https://assets.coingecko.com/coins/images/22457/large/btt_logo.png?1643857231,1.5825e-11,15065,92,15676.0,828.597,1.6027e-11,1.5798e-11,-1.10369e-13,-0.69259,-141.68610553718645,-0.93173,951421714286000.0,990000000000000.0,990000000000000.0,8.8967e-11,-82.20447,2022-01-21T04:00:31.909Z,1.494e-11,5.97383,2023-06-30T04:56:12.190Z,,2023-08-22T14:48:41.115Z,,,
92,tokenize-xchange,tkx,Tokenize Xchange,https://assets.coingecko.com/coins/images/4984/large/TKX_-_Logo_-_RGB-15.png?1672912391,0.00018748,15007,93,18760.0,262.287,0.00019052,0.00018568,-9.30410746114e-07,-0.49383,-75.5535669312194,-0.50092,79995999.94518414,100000000.0,100000000.0,0.00107431,-82.5056,2022-10-31T10:29:24.903Z,1.6e-05,1074.65037,2019-11-07T06:53:49.933Z,,2023-08-22T14:47:12.000Z,15.782022799515651,usd,1578.2022799515653
93,curve-dao-token,crv,Curve DAO,https://assets.coingecko.com/coins/images/12124/large/Curve.png?1597369484,1.735e-05,14920,94,57462.0,1896.0,1.845e-05,1.731e-05,-1.090330276861e-06,-5.91274,-884.1167100900548,-5.59407,857661483.0,1999807270.98168,3303030299.0,0.00130345,-98.66865,2020-08-14T00:00:00.000Z,1.609e-05,7.88084,2020-12-27T11:42:52.899Z,,2023-08-22T14:48:38.197Z,,,
94,sui,sui,Sui,https://assets.coingecko.com/coins/images/26375/large/sui_asset.jpeg?1683114182,2.06e-05,14878,95,205741.0,5242.0,2.134e-05,1.939e-05,3.73455e-07,1.84602,270.555,1.85211,723162190.461538,10000000000.0,10000000000.0,7.566e-05,-72.77913,2023-05-03T12:00:26.430Z,1.738e-05,18.52649,2023-08-17T21:45:21.267Z,,2023-08-22T14:48:37.367Z,,,
95,huobi-token,ht,Huobi,https://assets.coingecko.com/coins/images/2822/large/huobi-token-logo.png?1547036992,9.148e-05,14593,96,18405.0,540.608,9.28e-05,9.141e-05,-5.63245019006e-07,-0.61195,-103.92472599925168,-0.70713,159406077.0,201050000.0,201050000.0,0.00081825,-88.81216,2018-06-05T07:42:49.176Z,3.435e-05,166.48832,2023-03-10T05:05:00+08:00,,2023-08-22T14:48:41.981Z,1.402887035366598,usd,140.2887035366598
96,mina-protocol,mina,Mina Protocol,https://assets.coingecko.com/coins/images/15628/large/JM4_vQ34_400x400.png?1621394004,1.522e-05,14536,97,16223.0,186.538,1.552e-05,1.515e-05,-2.57918786747e-07,-1.66674,-253.86226570266263,-1.71649,955081668.840039,1065927772.84004,,0.00024342,-93.75042,2021-06-01T01:42:37.064Z,1.429e-05,6.47251,2023-08-17T21:44:57.620Z,,2023-08-22T14:48:42.491Z,,,
97,terra-luna,lunc,Terra Luna Classic,https://assets.coingecko.com/coins/images/8284/large/01_LunaClassic_color.png?1653547790,2.473e-09,14397,98,16934.0,535.57,2.545e-09,2.465e-09,-2.9706637e-11,-1.1871,-132.91760598526525,-0.91478,5813909569381.85,6838204429412.53,,0.00263232,-99.99991,2022-03-10T16:34:38.810Z,3.3274e-11,7339.77056,2022-05-13T02:34:40.340Z,,2023-08-22T14:48:42.571Z,,,
98,gemini-dollar,gusd,Gemini Dollar,https://assets.coingecko.com/coins/images/5992/large/gemini-dollar-gusd.png?1536745278,3.844e-05,13885,99,13885.0,36.078156,3.872e-05,3.819e-05,9.4578e-08,0.24664,-0.18907194372513914,-0.00136,361174915.91,361174915.91,,0.00052377,-92.66027,2018-10-11T17:31:53.238Z,1.452e-05,164.6877,2021-11-10T14:24:47.502Z,,2023-08-22T14:48:37.639Z,-0.0003508587003462,usd,-0.03508587003462
99,trust-wallet-token,twt,Trust Wallet,https://assets.coingecko.com/coins/images/11085/large/Trust.png?1588062702,3.242e-05,13520,100,32450.0,213.224,3.361e-05,3.233e-05,-7.56324521917e-07,-2.27956,-282.4097511353102,-2.04604,416649900.0,1000000000.0,,0.00016385,-80.19524,2022-11-14T15:47:47.380Z,2.86803e-07,11214.59475,2020-06-09T09:15:06.983Z,,2023-08-22T14:48:41.896Z,,,
